label	iVecCoun	dRadius	dCohIndex	vardRadius	vardCohIndex	d_varRad	d_varCoh	da5Radius_v0	da5Radius_v1	da5Radius_v2	da5Radius_v3	da5Radius_v4	da5Radius_f0	da5Radius_f1	da5Radius_f2	da5Radius_f3	da5Radius_f4	da5Radius_%0	da5Radius_%1	da5Radius_%2	da5Radius_%3	da5Radius_%4	dCos	dSin	da5Degree_v0	da5Degree_v1	da5Degree_v2	da5Degree_v3	da5Degree_v4	da5Degree_f0	da5Degree_f1	da5Degree_f2	da5Degree_f3	da5Degree_f4	da5Degree_%0	da5Degree_%1	da5Degree_%2	da5Degree_%3	da5Degree_%4	iRGBTotal	iRMean	iGMean	iBMean	d_luminance	ia5R_v0	ia5R_v1	ia5R_v2	ia5R_v3	ia5R_v4	ia5R_f0	ia5R_f1	ia5R_f2	ia5R_f3	ia5R_f4	ia5R_%0	ia5R_%1	ia5R_%2	ia5R_%3	ia5R_%4	ia5G_v0	ia5G_v1	ia5G_v2	ia5G_v3	ia5G_v4	ia5G_f0	ia5G_f1	ia5G_f2	ia5G_f3	ia5G_f4	ia5G_%0	ia5G_%1	ia5G_%2	ia5G_%3	ia5G_%4	ia5B_v0	ia5B_v1	ia5B_v2	ia5B_v3	ia5B_v4	ia5B_f0	ia5B_f1	ia5B_f2	ia5B_f3	ia5B_f4	ia5B_%0	ia5B_%1	ia5B_%2	ia5B_%3	ia5B_%4
1	133	3.163580	79.924892	3.163580	79.924892	0.649179	1.006519	2.000000	3.000000	1.000000	4.000000	6.000000	47.000000	29.000000	22.000000	10.000000	9.000000	35.338346	21.804511	16.541353	7.518797	6.766917	0.435950	0.287292	347.000000	349.000000	171.000000	36.000000	2.000000	5.000000	4.000000	4.000000	4.000000	4.000000	3.759398	3.007519	3.007519	3.007519	3.007519	3325	61	70	112	72.097000	20	19	22	21	51	98	88	80	78	71	2	2	2	2	2	15	13	16	123	121	111	80	67	62	56	3	2	2	1	1	23	22	183	45	179	66	51	50	46	44	1	1	1	1	1
1	145	4.075877	31.693834	0.912297	48.231058	2.146139	-2.068129	2.000000	1.000000	3.000000	12.000000	5.000000	58.000000	27.000000	18.000000	15.000000	6.000000	40.000000	18.620690	12.413793	10.344828	4.137931	0.339574	-0.248084	107.000000	328.000000	324.000000	348.000000	341.000000	4.000000	4.000000	4.000000	3.000000	3.000000	2.758621	2.758621	2.758621	2.068966	2.068966	3625	55	62	99	64.125000	19	21	20	18	22	152	139	137	110	108	4	3	3	3	2	15	13	14	16	0	139	138	135	88	67	3	3	3	2	1	23	24	22	25	26	106	86	75	66	61	2	2	2	1	1
1	110	2.718812	55.211759	1.357065	23.517924	-0.080628	-0.568901	2.000000	3.000000	1.000000	4.000000	5.000000	48.000000	23.000000	14.000000	13.000000	5.000000	43.636364	20.909091	12.727273	11.818182	4.545455	0.255404	-0.120644	4.000000	133.000000	5.000000	321.000000	281.000000	4.000000	4.000000	4.000000	3.000000	3.000000	3.636364	3.636364	3.636364	2.727273	2.727273	2750	38	48	87	49.456000	19	21	18	20	22	145	118	116	107	93	5	4	4	3	3	13	15	14	16	12	152	115	112	74	74	5	4	4	2	2	23	24	25	22	21	81	81	76	68	61	2	2	2	2	2
1	141	3.696417	50.885359	0.977605	4.326400	1.523495	-0.844702	2.000000	1.000000	3.000000	4.000000	7.000000	51.000000	27.000000	19.000000	10.000000	7.000000	36.170213	19.148936	13.475177	7.092199	4.964539	0.742319	-0.089969	350.000000	351.000000	355.000000	348.000000	347.000000	10.000000	9.000000	7.000000	6.000000	5.000000	7.092199	6.382979	4.964539	4.255319	3.546099	3525	56	61	100	63.951000	19	20	21	22	18	116	112	111	91	77	3	3	3	2	2	13	15	14	86	16	134	108	105	70	65	3	3	2	1	1	23	24	25	22	0	97	76	67	57	47	2	2	1	1	1
1	165	2.991425	75.887776	0.704992	25.002418	0.366695	0.749160	2.000000	3.000000	1.000000	4.000000	5.000000	69.000000	30.000000	27.000000	13.000000	6.000000	41.818182	18.181818	16.363636	7.878788	3.636364	0.054623	0.168794	334.000000	173.000000	9.000000	171.000000	147.000000	6.000000	5.000000	5.000000	4.000000	4.000000	3.636364	3.030303	3.030303	2.424242	2.424242	4125	55	64	105	65.983000	19	20	21	18	60	160	155	118	103	92	3	3	2	2	2	13	14	15	12	11	212	119	87	79	67	5	2	2	1	1	23	25	24	21	22	84	74	71	69	66	2	1	1	1	1
1	127	2.182997	61.316520	0.808429	14.571256	-0.959831	-0.179733	2.000000	1.000000	3.000000	4.000000	7.000000	73.000000	27.000000	17.000000	6.000000	2.000000	57.480315	21.259843	13.385827	4.724409	1.574803	0.104855	0.006852	163.000000	357.000000	344.000000	342.000000	340.000000	5.000000	3.000000	3.000000	3.000000	3.000000	3.937008	2.362205	2.362205	2.362205	2.362205	3175	63	59	90	63.730000	20	18	19	0	71	84	60	59	55	54	2	1	1	1	1	13	67	74	71	72	84	67	60	60	57	2	2	1	1	1	21	23	40	85	22	45	42	40	39	38	1	1	1	1	1
1	92	3.482290	46.670285	1.299293	14.646236	1.172140	-1.113406	2.000000	1.000000	3.000000	4.000000	8.000000	38.000000	15.000000	14.000000	8.000000	4.000000	41.304348	16.304348	15.217391	8.695652	4.347826	0.447604	-0.214801	12.000000	13.000000	14.000000	334.000000	332.000000	9.000000	6.000000	4.000000	3.000000	3.000000	9.782609	6.521739	4.347826	3.260870	3.260870	2300	66	62	89	66.274000	19	20	21	22	18	142	114	100	95	72	6	4	4	4	3	15	13	14	16	17	122	116	99	83	48	5	5	4	3	2	23	24	22	21	25	98	78	73	64	53	4	3	3	2	2
1	157	2.455139	73.625023	1.027151	26.954739	-0.513280	0.604913	2.000000	3.000000	1.000000	4.000000	5.000000	72.000000	32.000000	27.000000	14.000000	7.000000	45.859873	20.382166	17.197452	8.917197	4.458599	0.311064	0.236874	347.000000	346.000000	134.000000	10.000000	349.000000	9.000000	5.000000	5.000000	4.000000	3.000000	5.732484	3.184713	3.184713	2.547771	1.910828	3925	56	61	99	63.837000	19	20	21	18	66	127	120	110	97	76	3	3	2	2	1	13	14	15	12	11	187	91	86	65	64	4	2	2	1	1	23	25	22	24	21	87	75	70	63	63	2	1	1	1	1
1	219	2.832809	69.337092	0.377670	4.287931	0.106427	0.331565	2.000000	3.000000	1.000000	4.000000	5.000000	87.000000	59.000000	29.000000	19.000000	12.000000	39.726027	26.940639	13.242009	8.675799	5.479452	0.314799	0.109520	1.000000	104.000000	344.000000	358.000000	355.000000	9.000000	7.000000	6.000000	5.000000	5.000000	4.109589	3.196347	2.739726	2.283105	2.283105	5475	47	56	95	57.755000	0	20	21	19	18	283	177	158	152	113	5	3	2	2	2	13	0	14	11	15	199	181	115	100	93	3	3	2	1	1	25	23	22	24	26	112	106	88	81	71	2	1	1	1	1
1	86	2.788268	70.727466	0.044542	1.390374	0.033340	0.420199	2.000000	1.000000	3.000000	5.000000	4.000000	38.000000	16.000000	11.000000	7.000000	5.000000	44.186047	18.604651	12.790698	8.139535	5.813953	-0.261163	0.151215	165.000000	166.000000	167.000000	168.000000	319.000000	9.000000	6.000000	5.000000	4.000000	3.000000	10.465116	6.976744	5.813953	4.651163	3.488372	2150	60	66	108	68.994000	20	19	21	18	54	84	80	71	69	56	3	3	3	3	2	15	14	16	13	57	81	59	54	51	37	3	2	2	2	1	22	23	24	21	25	47	47	45	36	31	2	2	2	1	1
1	60	3.341672	81.866914	0.553404	11.139448	0.941404	1.130320	2.000000	4.000000	1.000000	5.000000	3.000000	19.000000	9.000000	8.000000	8.000000	7.000000	31.666667	15.000000	13.333333	13.333333	11.666667	-0.081732	0.156297	146.000000	355.000000	151.000000	148.000000	354.000000	3.000000	3.000000	3.000000	3.000000	2.000000	5.000000	5.000000	5.000000	5.000000	3.333333	1500	52	61	101	62.869000	20	19	21	22	46	70	68	67	49	40	4	4	4	3	2	14	15	13	16	41	74	72	54	50	30	4	4	3	3	2	23	24	25	22	37	51	42	33	30	25	3	2	2	2	1
1	125	2.853062	52.106401	0.488610	29.760512	0.139659	-0.766862	2.000000	3.000000	1.000000	4.000000	5.000000	53.000000	26.000000	20.000000	9.000000	6.000000	42.400000	20.800000	16.000000	7.200000	4.800000	-0.038593	-0.169439	159.000000	283.000000	170.000000	169.000000	348.000000	4.000000	4.000000	4.000000	4.000000	3.000000	3.200000	3.200000	3.200000	3.200000	2.400000	3125	63	72	116	74.325000	20	21	0	97	95	80	74	73	72	70	2	2	2	2	2	13	0	15	113	106	69	68	63	58	52	2	2	2	1	1	23	22	24	21	171	59	56	48	39	36	1	1	1	1	1
1	150	3.002008	36.020070	0.148946	16.086331	0.384060	-1.792339	2.000000	1.000000	3.000000	4.000000	8.000000	66.000000	36.000000	18.000000	7.000000	4.000000	44.000000	24.000000	12.000000	4.666667	2.666667	0.679270	-0.262120	339.000000	337.000000	358.000000	359.000000	346.000000	8.000000	6.000000	5.000000	4.000000	4.000000	5.333333	4.000000	3.333333	2.666667	2.666667	3750	47	58	99	59.385000	20	19	21	18	22	164	161	118	111	98	4	4	3	2	2	16	15	13	14	59	121	116	110	103	61	3	3	2	2	1	23	24	25	21	22	104	90	84	60	50	2	2	2	1	1
1	231	2.828047	74.862966	0.173961	38.842895	0.098613	0.683830	2.000000	1.000000	3.000000	4.000000	5.000000	109.000000	40.000000	29.000000	21.000000	11.000000	47.186147	17.316017	12.554113	9.090909	4.761905	0.293214	0.186687	162.000000	349.000000	355.000000	158.000000	15.000000	8.000000	8.000000	5.000000	5.000000	5.000000	3.463203	3.463203	2.164502	2.164502	2.164502	5775	57	65	106	67.282000	60	55	20	59	19	128	122	119	111	111	2	2	2	1	1	15	14	13	59	57	101	97	89	87	83	1	1	1	1	1	23	22	21	24	26	89	66	64	55	54	1	1	1	0	0
1	153	2.829945	71.026971	0.001898	3.835994	0.101727	0.439292	2.000000	1.000000	3.000000	6.000000	4.000000	69.000000	32.000000	18.000000	9.000000	8.000000	45.098039	20.915033	11.764706	5.882353	5.228758	0.159086	0.218082	349.000000	167.000000	345.000000	344.000000	356.000000	7.000000	6.000000	5.000000	4.000000	3.000000	4.575163	3.921569	3.267974	2.614379	1.960784	3825	56	65	107	67.097000	19	21	22	20	23	112	107	89	84	75	2	2	2	2	1	15	13	14	16	20	115	111	90	86	54	3	2	2	2	1	23	25	22	24	26	86	75	55	52	47	2	1	1	1	1
1	115	2.628134	50.677492	0.201810	20.349479	-0.229418	-0.857953	2.000000	3.000000	1.000000	4.000000	5.000000	56.000000	21.000000	16.000000	10.000000	6.000000	48.695652	18.260870	13.913043	8.695652	5.217391	0.134508	-0.095936	281.000000	341.000000	333.000000	329.000000	287.000000	4.000000	3.000000	3.000000	3.000000	3.000000	3.478261	2.608696	2.608696	2.608696	2.608696	2875	67	76	125	78.895000	20	59	56	58	19	53	52	51	49	49	1	1	1	1	1	15	70	79	57	14	58	56	54	49	49	2	1	1	1	1	129	128	178	123	135	39	38	33	33	31	1	1	1	1	1
1	134	3.094734	64.810637	0.466600	14.133145	0.536212	0.043011	2.000000	1.000000	3.000000	4.000000	6.000000	45.000000	30.000000	27.000000	11.000000	5.000000	33.582090	22.388060	20.149254	8.208955	3.731343	0.261138	0.035109	2.000000	348.000000	164.000000	4.000000	346.000000	4.000000	4.000000	4.000000	4.000000	3.000000	2.985075	2.985075	2.985075	2.985075	2.238806	3350	57	65	105	67.168000	19	18	20	56	17	112	96	87	76	74	3	2	2	2	2	13	14	12	11	81	130	75	68	62	53	3	2	2	1	1	23	25	21	22	24	75	54	50	46	43	2	1	1	1	1
1	88	3.558272	60.309083	0.463538	4.501554	1.296818	-0.243955	2.000000	1.000000	3.000000	4.000000	5.000000	22.000000	17.000000	13.000000	11.000000	11.000000	25.000000	19.318182	14.772727	12.500000	12.500000	0.290877	0.121549	173.000000	345.000000	343.000000	355.000000	351.000000	5.000000	4.000000	4.000000	3.000000	3.000000	5.681818	4.545455	4.545455	3.409091	3.409091	2200	52	61	101	62.869000	19	20	18	21	57	115	101	91	87	66	5	4	4	3	3	13	14	15	16	118	113	102	86	58	42	5	4	3	2	1	23	21	22	25	24	68	54	53	52	50	3	2	2	2	2
1	131	2.449596	64.861775	1.108677	4.552692	-0.522376	0.046271	2.000000	1.000000	3.000000	8.000000	9.000000	53.000000	46.000000	16.000000	5.000000	4.000000	40.458015	35.114504	12.213740	3.816794	3.053435	0.405325	0.033906	7.000000	359.000000	342.000000	310.000000	300.000000	4.000000	3.000000	3.000000	3.000000	3.000000	3.053435	2.290076	2.290076	2.290076	2.290076	3275	60	72	118	73.656000	19	18	20	17	64	114	97	91	85	70	3	2	2	2	2	13	14	11	12	15	146	79	76	75	71	4	2	2	2	2	24	23	25	22	21	70	63	60	60	50	2	1	1	1	1
1	93	1.836481	81.628652	0.613114	16.766877	-1.528417	1.115131	1.000000	2.000000	3.000000	4.000000	0.000000	41.000000	40.000000	6.000000	6.000000	0.000000	44.086022	43.010753	6.451613	6.451613	0.000000	0.555406	0.087744	17.000000	11.000000	359.000000	1.000000	179.000000	8.000000	5.000000	4.000000	4.000000	3.000000	8.602151	5.376344	4.301075	4.301075	3.225806	2325	42	51	91	52.869000	17	19	18	16	20	88	80	75	65	61	3	3	3	2	2	13	11	15	12	14	89	62	57	52	45	3	2	2	2	1	24	25	23	22	21	65	62	40	36	35	2	2	1	1	1
1	135	2.500038	55.548214	0.663557	26.080439	-0.439607	-0.547453	2.000000	1.000000	3.000000	4.000000	5.000000	71.000000	23.000000	15.000000	10.000000	10.000000	52.592593	17.037037	11.111111	7.407407	7.407407	0.265214	-0.089434	4.000000	156.000000	332.000000	325.000000	318.000000	4.000000	4.000000	3.000000	3.000000	3.000000	2.962963	2.962963	2.222222	2.222222	2.222222	3375	58	62	103	65.478000	19	20	18	104	17	126	117	99	93	93	3	3	2	2	2	13	14	15	11	12	167	95	78	75	57	4	2	2	2	1	23	22	25	21	24	96	87	67	66	51	2	2	1	1	1
1	161	3.430209	50.274931	0.930171	5.273283	1.086682	-0.883616	2.000000	1.000000	3.000000	4.000000	5.000000	46.000000	36.000000	25.000000	14.000000	14.000000	28.571429	22.360248	15.527950	8.695652	8.695652	0.362973	-0.019216	348.000000	358.000000	351.000000	283.000000	359.000000	6.000000	4.000000	4.000000	4.000000	3.000000	3.726708	2.484472	2.484472	2.484472	1.863354	4025	53	57	91	59.680000	19	20	18	17	60	143	137	135	112	108	3	3	3	2	2	13	15	14	11	54	199	113	112	112	71	4	2	2	2	1	23	25	22	21	24	117	94	89	78	72	2	2	2	1	1
1	99	2.264674	66.295980	1.165535	16.021049	-0.825809	0.137699	2.000000	1.000000	3.000000	4.000000	5.000000	40.000000	28.000000	22.000000	4.000000	3.000000	40.404040	28.282828	22.222222	4.040404	3.030303	0.209862	-0.065180	167.000000	358.000000	0.000000	332.000000	169.000000	5.000000	4.000000	4.000000	3.000000	3.000000	5.050505	4.040404	4.040404	3.030303	3.030303	2475	55	63	102	65.054000	18	19	20	62	65	91	77	63	62	58	3	3	2	2	2	13	11	12	122	60	106	100	57	47	47	4	4	2	1	1	22	23	40	59	181	51	50	41	36	34	2	2	1	1	1
1	158	2.123203	68.830145	0.141471	2.534165	-1.057944	0.299248	2.000000	1.000000	3.000000	4.000000	5.000000	86.000000	35.000000	28.000000	6.000000	2.000000	54.430380	22.151899	17.721519	3.797468	1.265823	0.207496	0.152205	20.000000	275.000000	110.000000	21.000000	352.000000	6.000000	4.000000	4.000000	4.000000	3.000000	3.797468	2.531646	2.531646	2.531646	1.898734	3950	55	64	106	66.097000	18	19	0	20	56	108	105	105	75	71	2	2	2	1	1	13	11	0	12	46	129	110	98	70	56	3	2	2	1	1	22	23	24	21	199	68	63	57	56	41	1	1	1	1	1
1	158	2.408720	53.022049	0.285517	15.808096	-0.589448	-0.708491	2.000000	1.000000	3.000000	5.000000	4.000000	74.000000	34.000000	28.000000	9.000000	6.000000	46.835443	21.518987	17.721519	5.696203	3.797468	0.393756	-0.093200	359.000000	345.000000	324.000000	171.000000	166.000000	6.000000	4.000000	4.000000	4.000000	4.000000	3.797468	2.531646	2.531646	2.531646	2.531646	3950	48	57	100	59.211000	19	18	20	65	60	126	121	112	90	85	3	3	2	2	2	13	14	15	61	58	133	98	79	75	75	3	2	2	1	1	24	23	22	21	25	88	82	65	59	50	2	2	1	1	1
1	217	2.501771	70.863678	0.093051	17.841630	-0.436763	0.428882	2.000000	1.000000	3.000000	4.000000	6.000000	78.000000	58.000000	54.000000	11.000000	5.000000	35.944700	26.728111	24.884793	5.069124	2.304147	0.292698	0.241492	345.000000	351.000000	349.000000	343.000000	109.000000	6.000000	6.000000	6.000000	5.000000	5.000000	2.764977	2.764977	2.764977	2.304147	2.304147	5425	58	66	110	68.624000	58	59	60	55	62	182	168	166	134	127	3	3	3	2	2	60	62	61	59	57	127	116	113	111	93	2	2	2	2	1	113	115	116	23	132	74	67	63	62	61	1	1	1	1	1
1	91	1.995959	63.460852	0.505812	7.402827	-1.266734	-0.043036	2.000000	1.000000	3.000000	4.000000	0.000000	59.000000	17.000000	11.000000	4.000000	0.000000	64.835165	18.681319	12.087912	4.395604	0.000000	0.806490	-0.052720	2.000000	3.000000	1.000000	5.000000	359.000000	7.000000	6.000000	5.000000	4.000000	3.000000	7.692308	6.593407	5.494505	4.395604	3.296703	2275	65	74	125	77.123000	62	70	60	63	61	65	62	62	59	52	2	2	2	2	2	66	67	65	68	63	67	61	60	53	43	2	2	2	2	1	113	119	120	110	116	40	37	35	34	32	1	1	1	1	1
1	100	2.189119	71.418922	0.193160	7.958070	-0.949784	0.464278	2.000000	1.000000	3.000000	4.000000	5.000000	50.000000	25.000000	13.000000	8.000000	4.000000	50.000000	25.000000	13.000000	8.000000	4.000000	0.461770	0.173823	10.000000	177.000000	72.000000	46.000000	9.000000	4.000000	3.000000	3.000000	3.000000	3.000000	4.000000	3.000000	3.000000	3.000000	3.000000	2500	54	60	100	62.766000	19	20	18	21	67	112	108	91	75	64	4	4	3	3	2	13	122	14	11	12	149	66	61	61	53	5	2	2	2	2	23	22	21	24	25	52	46	46	44	36	2	1	1	1	1
1	127	2.068191	77.216252	0.120929	5.797331	-1.148212	0.833848	2.000000	1.000000	3.000000	4.000000	0.000000	71.000000	29.000000	20.000000	7.000000	0.000000	55.905512	22.834646	15.748031	5.511811	0.000000	0.034376	0.308960	150.000000	315.000000	179.000000	173.000000	101.000000	6.000000	4.000000	3.000000	3.000000	3.000000	4.724409	3.149606	2.362205	2.362205	2.362205	3175	59	67	107	69.168000	20	56	19	58	59	101	84	84	76	73	3	2	2	2	2	13	11	12	14	123	135	60	58	55	51	4	1	1	1	1	21	23	22	139	148	72	58	55	45	38	2	1	1	1	1
1	144	2.480751	74.825263	0.412560	2.390990	-0.471254	0.681426	2.000000	1.000000	3.000000	4.000000	5.000000	64.000000	31.000000	25.000000	10.000000	7.000000	44.444444	21.527778	17.361111	6.944444	4.861111	0.217641	0.266897	337.000000	358.000000	356.000000	179.000000	349.000000	5.000000	4.000000	4.000000	4.000000	3.000000	3.472222	2.777778	2.777778	2.777778	2.083333	3600	61	70	111	71.983000	20	19	18	58	54	122	108	101	82	76	3	3	2	2	2	13	14	12	11	15	172	99	79	74	62	4	2	2	2	1	23	21	25	24	22	74	61	57	47	47	2	1	1	1	1
1	182	2.768124	60.433000	0.287373	14.392262	0.000288	-0.236056	2.000000	1.000000	3.000000	4.000000	5.000000	77.000000	37.000000	31.000000	17.000000	5.000000	42.307692	20.329670	17.032967	9.340659	2.747253	0.518088	0.092931	3.000000	341.000000	5.000000	355.000000	342.000000	8.000000	7.000000	5.000000	4.000000	4.000000	4.395604	3.846154	2.747253	2.197802	2.197802	4550	51	62	110	64.183000	57	19	20	60	55	120	118	112	100	100	2	2	2	2	2	13	14	61	69	70	157	101	96	83	81	3	2	2	1	1	23	123	126	124	121	79	71	68	67	63	1	1	1	1	1
1	145	2.925789	62.685336	0.157664	2.252336	0.258994	-0.092473	2.000000	1.000000	3.000000	4.000000	5.000000	52.000000	45.000000	14.000000	7.000000	5.000000	35.862069	31.034483	9.655172	4.827586	3.448276	0.456701	-0.013943	1.000000	344.000000	166.000000	343.000000	171.000000	6.000000	6.000000	6.000000	5.000000	5.000000	4.137931	4.137931	4.137931	3.448276	3.448276	3625	47	57	100	58.912000	19	20	18	17	21	135	124	113	103	97	3	3	3	2	2	13	14	15	72	70	162	117	100	70	65	4	3	2	1	1	23	22	25	21	24	99	80	61	61	53	2	2	1	1	1
1	98	1.805148	67.370204	1.120641	4.684868	-1.579831	0.206179	2.000000	1.000000	3.000000	4.000000	0.000000	54.000000	36.000000	7.000000	1.000000	0.000000	55.102041	36.734694	7.142857	1.020408	0.000000	0.599416	0.077417	351.000000	354.000000	353.000000	352.000000	345.000000	4.000000	4.000000	3.000000	3.000000	3.000000	4.081633	4.081633	3.061224	3.061224	3.061224	2450	57	71	122	72.628000	18	19	60	50	20	77	76	65	56	55	3	3	2	2	2	13	14	15	72	136	71	53	48	37	36	2	2	1	1	1	25	179	207	23	22	44	37	34	33	32	1	1	1	1	1
1	139	2.736669	81.519400	0.931521	14.149196	-0.051327	1.108166	2.000000	1.000000	3.000000	4.000000	8.000000	62.000000	32.000000	17.000000	12.000000	4.000000	44.604317	23.021583	12.230216	8.633094	2.877698	0.520687	0.207096	3.000000	7.000000	355.000000	357.000000	283.000000	5.000000	5.000000	4.000000	3.000000	3.000000	3.597122	3.597122	2.877698	2.158273	2.158273	3475	42	51	91	52.869000	0	20	21	48	19	154	132	127	116	114	4	3	3	3	3	0	13	14	15	12	144	128	95	83	62	4	3	2	2	1	23	25	24	120	125	80	59	59	50	45	2	1	1	1	1
1	180	2.531863	53.282771	0.204806	28.236630	-0.387386	-0.691871	2.000000	1.000000	3.000000	4.000000	6.000000	91.000000	34.000000	30.000000	9.000000	5.000000	50.555556	18.888889	16.666667	5.000000	2.777778	0.457637	-0.080915	4.000000	5.000000	349.000000	341.000000	329.000000	9.000000	7.000000	5.000000	5.000000	4.000000	5.000000	3.888889	2.777778	2.777778	2.222222	4500	57	61	100	64.250000	58	59	57	63	60	130	130	110	109	104	2	2	2	2	2	55	15	13	65	66	90	85	83	82	81	2	1	1	1	1	84	23	24	115	82	56	54	52	49	49	1	1	1	1	1
1	192	2.419283	72.756491	0.112580	19.473720	-0.572115	0.549546	2.000000	1.000000	3.000000	4.000000	5.000000	94.000000	41.000000	27.000000	14.000000	11.000000	48.958333	21.354167	14.062500	7.291667	5.729167	0.214990	0.157420	9.000000	339.000000	109.000000	11.000000	10.000000	6.000000	4.000000	4.000000	4.000000	4.000000	3.125000	2.083333	2.083333	2.083333	2.083333	4800	46	51	86	53.495000	0	19	21	20	18	289	146	126	118	100	6	3	2	2	2	13	0	14	15	16	202	170	130	127	98	4	3	2	2	2	23	25	24	26	27	111	92	84	81	69	2	1	1	1	1
1	121	2.090049	68.287588	0.329234	4.468903	-1.112345	0.264661	2.000000	1.000000	3.000000	4.000000	0.000000	61.000000	31.000000	17.000000	12.000000	0.000000	50.413223	25.619835	14.049587	9.917355	0.000000	0.134583	-0.029113	153.000000	178.000000	283.000000	357.000000	354.000000	5.000000	5.000000	4.000000	3.000000	3.000000	4.132231	4.132231	3.305785	2.479339	2.479339	3025	44	54	96	55.798000	20	21	19	18	22	106	105	90	82	69	3	3	2	2	2	13	15	14	16	12	112	96	90	56	46	3	3	2	1	1	24	23	25	22	27	72	66	58	49	46	2	2	1	1	1
1	154	2.551592	61.195155	0.461543	7.092433	-0.355014	-0.187470	2.000000	1.000000	4.000000	3.000000	6.000000	72.000000	34.000000	18.000000	17.000000	5.000000	46.753247	22.077922	11.688312	11.038961	3.246753	0.505960	0.099399	15.000000	110.000000	345.000000	342.000000	340.000000	5.000000	5.000000	3.000000	3.000000	3.000000	3.246753	3.246753	1.948052	1.948052	1.948052	3850	48	57	97	58.869000	21	20	19	57	58	148	129	106	93	83	3	3	2	2	2	13	14	15	16	47	179	128	101	66	56	4	3	2	1	1	24	25	23	22	26	101	79	77	65	57	2	2	2	1	1
1	145	3.351308	86.829168	0.799716	25.634013	0.957216	1.446655	2.000000	1.000000	3.000000	4.000000	5.000000	57.000000	28.000000	16.000000	10.000000	8.000000	39.310345	19.310345	11.034483	6.896552	5.517241	-0.127601	0.290556	169.000000	163.000000	106.000000	28.000000	178.000000	7.000000	5.000000	5.000000	5.000000	4.000000	4.827586	3.448276	3.448276	3.448276	2.758621	3625	51	57	95	59.538000	19	0	18	20	21	136	133	128	119	118	3	3	3	3	3	13	14	0	15	12	178	152	125	86	78	4	4	3	2	2	23	24	25	22	21	105	81	63	63	61	2	2	1	1	1
1	147	2.347836	79.934860	1.003472	6.894308	-0.689350	1.007154	2.000000	3.000000	1.000000	4.000000	5.000000	72.000000	29.000000	26.000000	19.000000	1.000000	48.979592	19.727891	17.687075	12.925170	0.680272	0.274301	0.282323	3.000000	351.000000	8.000000	7.000000	4.000000	4.000000	4.000000	4.000000	4.000000	4.000000	2.721088	2.721088	2.721088	2.721088	2.721088	3675	61	73	119	74.656000	20	19	21	18	17	113	92	83	80	67	3	2	2	2	1	13	14	11	15	110	136	77	59	58	54	3	2	1	1	1	25	22	26	23	24	62	55	52	52	49	1	1	1	1	1
1	178	3.955949	55.921133	1.608113	24.013727	1.949354	-0.523680	2.000000	3.000000	1.000000	4.000000	5.000000	71.000000	25.000000	21.000000	14.000000	11.000000	39.887640	14.044944	11.797753	7.865169	6.179775	0.545957	-0.039859	345.000000	349.000000	347.000000	355.000000	350.000000	8.000000	7.000000	7.000000	5.000000	5.000000	4.494382	3.932584	3.932584	2.808989	2.808989	4450	60	72	120	73.884000	19	20	21	22	61	151	145	133	115	76	3	3	2	2	1	13	14	15	11	16	166	129	125	81	80	3	2	2	1	1	23	24	25	21	26	96	94	80	76	75	2	2	1	1	1
1	141	2.091487	50.547864	1.864462	5.373269	-1.109985	-0.866217	2.000000	1.000000	3.000000	4.000000	5.000000	82.000000	28.000000	21.000000	8.000000	1.000000	58.156028	19.858156	14.893617	5.673759	0.709220	0.277072	-0.073580	90.000000	338.000000	336.000000	178.000000	175.000000	4.000000	4.000000	4.000000	4.000000	4.000000	2.836879	2.836879	2.836879	2.836879	2.836879	3525	52	60	101	62.282000	55	51	50	58	20	76	75	75	70	68	2	2	2	1	1	13	14	41	40	42	72	68	66	66	56	2	1	1	1	1	42	25	130	45	24	46	44	41	41	41	1	1	1	1	1
1	77	2.137821	63.640466	0.046334	13.092602	-1.033958	-0.031585	2.000000	1.000000	3.000000	4.000000	0.000000	38.000000	18.000000	13.000000	8.000000	0.000000	49.350649	23.376623	16.883117	10.389610	0.000000	0.227073	0.152025	347.000000	348.000000	4.000000	355.000000	173.000000	11.000000	3.000000	3.000000	2.000000	2.000000	14.285714	3.896104	3.896104	2.597403	2.597403	1925	58	60	101	64.076000	20	21	19	75	70	61	52	51	45	44	3	2	2	2	2	13	14	15	66	64	61	59	53	50	47	3	3	2	2	2	25	24	108	106	121	30	28	27	27	26	1	1	1	1	1
1	122	2.003300	39.056567	0.134521	24.583899	-1.254689	-1.598767	2.000000	1.000000	3.000000	4.000000	5.000000	72.000000	27.000000	18.000000	3.000000	2.000000	59.016393	22.131148	14.754098	2.459016	1.639344	0.321970	-0.193062	330.000000	351.000000	348.000000	347.000000	350.000000	5.000000	5.000000	5.000000	5.000000	3.000000	4.098361	4.098361	4.098361	4.098361	2.459016	3050	62	69	109	71.467000	19	20	21	54	18	105	90	76	62	57	3	2	2	2	1	13	15	16	14	39	77	67	62	57	46	2	2	2	1	1	24	23	25	26	22	47	46	44	37	34	1	1	1	1	1
1	116	2.015589	51.916079	0.012289	12.859512	-1.234524	-0.778995	2.000000	1.000000	3.000000	4.000000	5.000000	57.000000	33.000000	19.000000	5.000000	1.000000	49.137931	28.448276	16.379310	4.310345	0.862069	0.567662	-0.151977	173.000000	351.000000	349.000000	353.000000	352.000000	4.000000	4.000000	4.000000	3.000000	3.000000	3.448276	3.448276	3.448276	2.586207	2.586207	2900	61	68	108	70.467000	20	21	19	22	18	73	69	65	60	60	2	2	2	2	2	15	13	14	16	123	90	84	71	70	57	3	2	2	2	1	25	24	26	189	28	47	46	45	42	42	1	1	1	1	1
1	101	2.189399	74.751425	0.173809	22.835346	-0.949326	0.676719	2.000000	1.000000	3.000000	4.000000	5.000000	50.000000	29.000000	8.000000	8.000000	4.000000	49.504950	28.712871	7.920792	7.920792	3.960396	0.494294	0.199293	358.000000	359.000000	346.000000	340.000000	140.000000	4.000000	3.000000	3.000000	3.000000	3.000000	3.960396	2.970297	2.970297	2.970297	2.970297	2525	53	62	106	64.325000	19	20	21	22	18	115	112	101	76	59	4	4	4	3	2	15	16	13	14	12	100	89	80	75	56	3	3	3	2	2	23	24	25	26	21	80	69	52	39	39	3	2	2	1	1
1	143	3.310662	56.711181	1.121264	18.040244	0.890522	-0.473316	2.000000	3.000000	4.000000	1.000000	7.000000	61.000000	18.000000	16.000000	15.000000	11.000000	42.657343	12.587413	11.188811	10.489510	7.692308	0.466426	0.088948	348.000000	346.000000	345.000000	352.000000	344.000000	8.000000	7.000000	7.000000	5.000000	5.000000	5.594406	4.895105	4.895105	3.496503	3.496503	3575	51	60	103	62.211000	19	20	21	18	22	155	141	115	104	100	4	3	3	2	2	13	15	14	16	40	121	95	87	80	55	3	2	2	2	1	23	25	24	26	22	86	60	51	48	46	2	1	1	1	1
1	160	3.995300	61.377576	0.684638	4.666395	2.013923	-0.175841	2.000000	4.000000	1.000000	3.000000	5.000000	43.000000	22.000000	20.000000	19.000000	13.000000	26.875000	13.750000	12.500000	11.875000	8.125000	0.491939	0.100109	342.000000	348.000000	343.000000	340.000000	355.000000	6.000000	5.000000	5.000000	5.000000	4.000000	3.750000	3.125000	3.125000	3.125000	2.500000	4000	65	74	117	76.211000	20	49	67	85	22	86	79	77	75	73	2	1	1	1	1	15	90	86	16	88	81	76	76	75	67	2	1	1	1	1	129	24	23	130	131	58	54	53	49	46	1	1	1	1	1
1	213	4.966012	83.320628	0.970711	21.943052	3.606734	1.222991	2.000000	1.000000	12.000000	3.000000	4.000000	78.000000	31.000000	28.000000	22.000000	18.000000	36.619718	14.553991	13.145540	10.328638	8.450704	0.196185	0.510707	358.000000	340.000000	102.000000	92.000000	88.000000	7.000000	6.000000	5.000000	5.000000	5.000000	3.286385	2.816901	2.347418	2.347418	2.347418	5325	115	104	87	105.351000	255	60	0	65	56	843	93	90	88	83	15	1	1	1	1	255	60	0	73	187	308	91	84	73	70	5	1	1	1	1	0	18	82	78	79	860	64	56	54	51	16	1	1	1	0
1	268	5.731470	33.567168	0.765459	49.753459	4.862752	-1.948707	2.000000	12.000000	1.000000	3.000000	4.000000	76.000000	44.000000	40.000000	30.000000	19.000000	28.358209	16.417910	14.925373	11.194030	7.089552	0.088750	-0.422575	276.000000	274.000000	278.000000	319.000000	273.000000	12.000000	10.000000	8.000000	7.000000	7.000000	4.477612	3.731343	2.985075	2.611940	2.611940	6700	116	97	71	99.717000	255	22	54	21	19	1044	102	89	85	83	15	1	1	1	1	255	221	187	15	62	264	102	96	92	89	3	1	1	1	1	0	23	25	73	70	1636	76	62	60	58	24	1	0	0	0
1	209	3.244711	55.757050	2.486760	22.189882	0.782304	-0.534140	2.000000	1.000000	3.000000	4.000000	5.000000	81.000000	34.000000	31.000000	23.000000	16.000000	38.755981	16.267943	14.832536	11.004785	7.655502	0.333292	-0.036769	346.000000	344.000000	354.000000	352.000000	347.000000	7.000000	6.000000	5.000000	5.000000	5.000000	3.349282	2.870813	2.392344	2.392344	2.392344	5225	80	70	96	75.954000	21	22	20	19	55	127	116	113	98	91	2	2	2	1	1	15	14	13	53	74	128	94	94	90	84	2	1	1	1	1	0	25	24	23	109	146	84	81	81	67	2	1	1	1	1
1	170	2.784929	70.647619	0.459781	14.890569	0.027863	0.415109	2.000000	1.000000	3.000000	4.000000	9.000000	71.000000	37.000000	23.000000	20.000000	6.000000	41.764706	21.764706	13.529412	11.764706	3.529412	0.139595	0.231537	342.000000	341.000000	150.000000	356.000000	155.000000	11.000000	9.000000	5.000000	4.000000	4.000000	6.470588	5.294118	2.941176	2.352941	2.352941	4250	82	73	100	78.769000	21	22	20	49	23	90	89	85	71	71	2	2	2	1	1	15	16	71	14	18	106	96	73	71	62	2	2	1	1	1	23	25	24	26	112	78	61	60	49	45	1	1	1	1	1
1	246	2.861856	49.350704	0.076927	21.296915	0.154090	-0.942533	2.000000	3.000000	1.000000	4.000000	5.000000	100.000000	48.000000	40.000000	17.000000	16.000000	40.650407	19.512195	16.260163	6.910569	6.504065	0.662509	-0.123589	11.000000	344.000000	342.000000	340.000000	336.000000	7.000000	6.000000	6.000000	6.000000	6.000000	2.845528	2.439024	2.439024	2.439024	2.439024	6150	84	74	100	79.954000	21	20	19	22	0	114	98	93	91	91	1	1	1	1	1	15	63	64	16	62	122	109	97	88	81	1	1	1	1	1	24	0	99	23	89	79	75	73	70	66	1	1	1	1	1
1	190	3.781300	64.979256	0.919444	15.628551	1.662777	0.053760	2.000000	1.000000	3.000000	4.000000	12.000000	67.000000	37.000000	28.000000	18.000000	11.000000	35.263158	19.473684	14.736842	9.473684	5.789474	0.028991	-0.010287	165.000000	177.000000	166.000000	2.000000	0.000000	9.000000	8.000000	7.000000	5.000000	5.000000	4.736842	4.210526	3.684211	2.631579	2.631579	4750	62	64	100	67.506000	22	21	60	20	56	118	107	105	103	102	2	2	2	2	2	15	60	16	13	66	137	97	96	92	88	2	2	2	1	1	24	25	23	22	179	67	64	61	58	54	1	1	1	1	1
1	141	3.431885	41.805830	0.349416	23.173425	1.089432	-1.423506	2.000000	1.000000	3.000000	4.000000	10.000000	61.000000	30.000000	13.000000	6.000000	6.000000	43.262411	21.276596	9.219858	4.255319	4.255319	0.483436	-0.288927	347.000000	349.000000	351.000000	348.000000	357.000000	8.000000	6.000000	5.000000	5.000000	4.000000	5.673759	4.255319	3.546099	3.546099	2.836879	3525	62	61	97	65.403000	20	21	22	19	23	131	129	112	111	72	3	3	3	3	2	16	15	13	14	42	113	112	108	93	57	3	3	3	2	1	24	23	25	21	26	88	79	66	51	49	2	2	1	1	1
1	154	4.332653	45.362391	0.900768	3.556561	2.567475	-1.196782	2.000000	1.000000	3.000000	12.000000	4.000000	59.000000	25.000000	18.000000	17.000000	11.000000	38.311688	16.233766	11.688312	11.038961	7.142857	0.515521	-0.124025	316.000000	346.000000	314.000000	309.000000	358.000000	7.000000	4.000000	4.000000	4.000000	3.000000	4.545455	2.597403	2.597403	2.597403	1.948052	3850	52	57	97	60.065000	20	21	19	18	22	167	165	159	129	105	4	4	4	3	2	13	14	15	16	12	233	175	164	100	87	6	4	4	2	2	25	23	24	22	26	126	124	120	95	71	3	3	3	2	1
1	119	2.296697	69.520761	2.035955	24.158370	-0.773262	0.343273	2.000000	1.000000	3.000000	4.000000	5.000000	60.000000	25.000000	17.000000	12.000000	3.000000	50.420168	21.008403	14.285714	10.084034	2.521008	0.312306	0.005398	0.000000	359.000000	164.000000	2.000000	1.000000	6.000000	4.000000	4.000000	4.000000	4.000000	5.042017	3.361345	3.361345	3.361345	3.361345	2975	53	61	101	63.168000	19	18	21	17	22	77	74	62	62	59	2	2	2	2	1	15	14	13	16	12	104	101	89	84	43	3	3	2	2	1	24	25	26	23	27	74	73	64	61	52	2	2	2	2	1
1	124	1.899045	83.442544	0.397653	13.921783	-1.425758	1.230763	2.000000	1.000000	3.000000	4.000000	0.000000	80.000000	28.000000	14.000000	2.000000	0.000000	64.516129	22.580645	11.290323	1.612903	0.000000	0.167134	0.311543	7.000000	177.000000	175.000000	115.000000	5.000000	6.000000	3.000000	3.000000	3.000000	3.000000	4.838710	2.419355	2.419355	2.419355	2.419355	3100	50	58	98	60.168000	19	20	18	17	21	107	104	104	94	89	3	3	3	3	2	13	14	15	12	11	105	86	71	52	51	3	2	2	1	1	25	23	24	22	21	64	60	55	46	43	2	1	1	1	1
1	59	3.489659	56.807658	1.590614	26.634886	1.184232	-0.467165	2.000000	1.000000	3.000000	8.000000	6.000000	26.000000	13.000000	5.000000	5.000000	3.000000	44.067797	22.033898	8.474576	8.474576	5.084746	-0.034741	-0.065200	166.000000	164.000000	162.000000	341.000000	340.000000	4.000000	3.000000	3.000000	2.000000	2.000000	6.779661	5.084746	5.084746	3.389831	3.389831	1475	44	54	97	55.912000	21	19	18	20	17	72	54	54	49	44	4	3	3	3	2	13	14	15	74	16	62	59	45	33	33	4	4	3	2	2	23	24	22	21	25	41	33	30	30	26	2	2	2	2	1
1	129	3.674293	74.515435	0.184634	17.707776	1.487192	0.661675	2.000000	3.000000	1.000000	7.000000	6.000000	44.000000	21.000000	18.000000	11.000000	9.000000	34.108527	16.279070	13.953488	8.527132	6.976744	0.600646	0.088211	13.000000	354.000000	353.000000	352.000000	351.000000	6.000000	5.000000	5.000000	5.000000	5.000000	4.651163	3.875969	3.875969	3.875969	3.875969	3225	52	61	102	62.983000	19	20	18	21	54	122	121	106	89	87	3	3	3	2	2	13	14	15	11	72	141	118	92	74	61	4	3	2	2	1	23	24	22	25	21	105	76	63	60	59	3	2	1	1	1
1	74	2.375007	70.658221	1.299286	3.857214	-0.644767	0.415785	2.000000	1.000000	4.000000	5.000000	3.000000	35.000000	17.000000	9.000000	8.000000	5.000000	47.297297	22.972973	12.162162	10.810811	6.756757	-0.159556	-0.104486	175.000000	178.000000	176.000000	354.000000	177.000000	7.000000	4.000000	4.000000	3.000000	3.000000	9.459459	5.405405	5.405405	4.054054	4.054054	1850	53	58	95	60.723000	19	18	20	88	21	104	91	81	64	54	5	4	4	3	2	13	14	15	60	16	109	75	64	61	50	5	4	3	3	2	23	25	22	26	24	56	55	53	47	47	3	2	2	2	2
1	131	2.391086	38.062912	0.016079	32.595308	-0.618384	-1.662111	2.000000	1.000000	3.000000	4.000000	5.000000	66.000000	24.000000	21.000000	11.000000	5.000000	50.381679	18.320611	16.030534	8.396947	3.816794	0.404052	-0.257512	347.000000	352.000000	346.000000	348.000000	356.000000	8.000000	7.000000	6.000000	5.000000	4.000000	6.106870	5.343511	4.580153	3.816794	3.053435	3275	57	62	95	64.267000	19	18	20	60	21	117	85	82	78	76	3	2	2	2	2	13	14	15	16	11	105	86	81	73	54	3	2	2	2	1	23	24	47	22	25	62	62	56	56	54	1	1	1	1	1
1	177	2.479576	71.901460	0.088490	33.838547	-0.473183	0.495039	2.000000	1.000000	3.000000	4.000000	7.000000	89.000000	37.000000	26.000000	8.000000	5.000000	50.282486	20.903955	14.689266	4.519774	2.824859	-0.093744	0.079821	167.000000	169.000000	168.000000	165.000000	172.000000	7.000000	6.000000	5.000000	5.000000	4.000000	3.954802	3.389831	2.824859	2.824859	2.259887	4425	63	65	102	68.620000	19	18	20	60	58	123	121	111	109	104	2	2	2	2	2	13	59	60	15	14	167	104	97	96	84	3	2	2	2	1	23	22	21	24	114	93	75	70	60	59	2	1	1	1	1
1	185	2.197247	63.851421	0.282329	8.050038	-0.936448	-0.018137	2.000000	1.000000	3.000000	4.000000	5.000000	105.000000	32.000000	32.000000	10.000000	4.000000	56.756757	17.297297	17.297297	5.405405	2.162162	0.192342	0.040974	18.000000	21.000000	356.000000	301.000000	291.000000	4.000000	4.000000	3.000000	3.000000	3.000000	2.162162	2.162162	1.621622	1.621622	1.621622	4625	68	64	92	68.388000	0	18	19	255	60	127	86	82	80	80	2	1	1	1	1	0	13	46	43	49	106	98	74	71	68	2	2	1	1	1	22	23	46	47	21	61	57	53	50	49	1	1	1	1	1
1	234	2.619130	58.410545	0.421883	5.440876	-0.244192	-0.364984	2.000000	4.000000	3.000000	1.000000	5.000000	97.000000	43.000000	42.000000	35.000000	14.000000	41.452991	18.376068	17.948718	14.957265	5.982906	0.208352	-0.075136	2.000000	4.000000	3.000000	0.000000	349.000000	6.000000	6.000000	6.000000	5.000000	4.000000	2.564103	2.564103	2.564103	2.136752	1.709402	5850	86	77	95	81.743000	0	255	19	20	18	239	154	111	97	91	4	2	1	1	1	0	13	170	14	60	158	122	87	83	78	2	2	1	1	1	0	23	24	22	138	308	76	70	69	57	5	1	1	1	0
1	206	3.422040	61.076720	0.802910	2.666176	1.073278	-0.195020	2.000000	1.000000	3.000000	4.000000	5.000000	82.000000	31.000000	23.000000	20.000000	11.000000	39.805825	15.048544	11.165049	9.708738	5.339806	0.524028	0.052538	351.000000	350.000000	349.000000	352.000000	357.000000	11.000000	8.000000	7.000000	5.000000	4.000000	5.339806	3.883495	3.398058	2.427184	1.941748	5150	68	67	103	71.403000	20	19	21	22	18	152	138	117	93	89	2	2	2	1	1	13	15	14	94	91	182	144	131	83	79	3	2	2	1	1	23	25	22	21	42	109	91	90	72	56	2	1	1	1	1
1	215	3.018530	48.868278	0.403510	12.208443	0.411170	-0.973287	2.000000	3.000000	1.000000	4.000000	5.000000	82.000000	42.000000	35.000000	20.000000	15.000000	38.139535	19.534884	16.279070	9.302326	6.976744	0.504240	-0.093226	341.000000	352.000000	342.000000	340.000000	339.000000	9.000000	7.000000	7.000000	7.000000	7.000000	4.186047	3.255814	3.255814	3.255814	3.255814	5375	56	62	102	64.766000	20	19	21	22	18	163	129	128	108	86	3	2	2	2	1	13	15	14	64	16	157	119	119	99	89	2	2	2	1	1	23	25	22	21	24	108	96	83	75	74	2	1	1	1	1
1	104	2.813761	45.732002	0.204769	3.136276	0.075172	-1.173220	2.000000	1.000000	3.000000	4.000000	5.000000	52.000000	25.000000	6.000000	4.000000	4.000000	50.000000	24.038462	5.769231	3.846154	3.846154	0.101685	-0.300895	169.000000	173.000000	172.000000	349.000000	289.000000	8.000000	4.000000	4.000000	3.000000	3.000000	7.692308	3.846154	3.846154	2.884615	2.884615	2600	65	68	106	71.435000	19	20	21	22	63	77	70	66	59	58	2	2	2	2	2	15	14	13	49	16	79	67	63	61	51	3	2	2	2	1	23	22	24	53	183	51	49	47	41	40	1	1	1	1	1
1	174	2.464764	81.671754	0.348998	35.939752	-0.497488	1.117878	2.000000	1.000000	4.000000	3.000000	6.000000	84.000000	41.000000	21.000000	13.000000	9.000000	48.275862	23.563218	12.068966	7.471264	5.172414	0.127962	0.270639	0.000000	166.000000	1.000000	356.000000	343.000000	6.000000	6.000000	6.000000	4.000000	4.000000	3.448276	3.448276	3.448276	2.298851	2.298851	4350	55	66	109	67.613000	20	19	61	18	59	94	92	91	91	90	2	2	2	2	2	15	14	13	55	49	109	103	103	78	73	2	2	2	1	1	22	25	23	24	21	62	55	55	51	49	1	1	1	1	1
1	247	2.468630	81.999710	0.003867	0.327957	-0.491143	1.138785	2.000000	3.000000	1.000000	4.000000	5.000000	120.000000	53.000000	36.000000	24.000000	6.000000	48.582996	21.457490	14.574899	9.716599	2.429150	0.346851	0.302423	2.000000	1.000000	173.000000	349.000000	344.000000	15.000000	12.000000	6.000000	5.000000	5.000000	6.072874	4.858300	2.429150	2.024291	2.024291	6175	55	64	106	66.097000	0	19	18	20	17	184	137	122	116	107	2	2	1	1	1	13	0	14	16	31	180	165	121	102	91	2	2	1	1	1	23	25	24	164	26	91	79	75	59	59	1	1	1	0	0
1	195	2.658282	79.239698	0.189652	2.760012	-0.179949	0.962839	2.000000	3.000000	1.000000	4.000000	5.000000	89.000000	48.000000	24.000000	20.000000	5.000000	45.641026	24.615385	12.307692	10.256410	2.564103	0.127841	0.256456	109.000000	152.000000	171.000000	157.000000	144.000000	5.000000	5.000000	4.000000	4.000000	4.000000	2.564103	2.564103	2.051282	2.051282	2.051282	4875	55	64	108	66.325000	20	19	21	18	17	143	134	103	95	90	2	2	2	1	1	13	14	11	12	15	192	114	87	81	80	3	2	1	1	1	23	24	21	25	22	110	87	75	74	67	2	1	1	1	1
1	219	2.684038	81.686123	0.025756	2.446425	-0.137687	1.118795	2.000000	3.000000	1.000000	4.000000	6.000000	103.000000	53.000000	28.000000	13.000000	9.000000	47.031963	24.200913	12.785388	5.936073	4.109589	0.101705	0.226217	3.000000	358.000000	353.000000	169.000000	166.000000	7.000000	7.000000	6.000000	6.000000	6.000000	3.196347	3.196347	2.739726	2.739726	2.739726	5475	57	68	113	69.841000	19	18	20	57	64	140	128	125	101	88	2	2	2	1	1	13	15	14	11	46	176	116	114	76	74	3	2	2	1	1	25	24	23	22	26	92	86	76	73	61	1	1	1	1	1
1	167	3.325916	64.863373	0.641878	16.822750	0.915551	0.046373	2.000000	1.000000	3.000000	4.000000	5.000000	70.000000	23.000000	21.000000	15.000000	10.000000	41.916168	13.772455	12.574850	8.982036	5.988024	0.212636	0.033462	164.000000	340.000000	3.000000	358.000000	344.000000	7.000000	6.000000	6.000000	5.000000	5.000000	4.191617	3.592814	3.592814	2.994012	2.994012	4175	54	65	112	67.069000	20	19	21	18	60	138	131	111	99	85	3	3	2	2	2	13	15	14	16	12	148	100	100	72	69	3	2	2	1	1	23	25	24	145	21	79	75	73	64	61	1	1	1	1	1
1	138	2.518253	75.834785	0.807663	10.971412	-0.409719	0.745782	2.000000	1.000000	3.000000	4.000000	5.000000	58.000000	32.000000	20.000000	16.000000	7.000000	42.028986	23.188406	14.492754	11.594203	5.072464	0.025526	0.130361	4.000000	179.000000	5.000000	276.000000	147.000000	5.000000	4.000000	4.000000	3.000000	3.000000	3.623188	2.898551	2.898551	2.173913	2.173913	3450	49	60	105	61.841000	19	20	21	18	17	132	124	99	93	89	3	3	2	2	2	13	15	14	16	11	126	102	97	88	64	3	2	2	2	1	23	21	25	26	24	76	66	57	55	55	2	1	1	1	1
1	182	4.231734	72.637939	1.713482	3.196847	2.401881	0.541988	2.000000	1.000000	3.000000	4.000000	12.000000	64.000000	26.000000	25.000000	14.000000	12.000000	35.164835	14.285714	13.736264	7.692308	6.593407	0.573602	0.087350	4.000000	358.000000	7.000000	349.000000	347.000000	6.000000	6.000000	5.000000	4.000000	4.000000	3.296703	3.296703	2.747253	2.197802	2.197802	4550	49	60	105	61.841000	21	22	54	20	51	154	113	105	102	97	3	2	2	2	2	15	14	13	66	70	131	106	102	90	78	2	2	2	1	1	23	24	22	25	123	88	79	79	65	62	1	1	1	1	1
1	282	2.849548	76.126024	1.382187	3.488085	0.133893	0.764348	2.000000	3.000000	4.000000	1.000000	5.000000	120.000000	44.000000	42.000000	38.000000	17.000000	42.553191	15.602837	14.893617	13.475177	6.028369	0.314785	0.200673	2.000000	3.000000	348.000000	335.000000	174.000000	7.000000	6.000000	5.000000	5.000000	5.000000	2.482270	2.127660	1.773050	1.773050	1.773050	7050	56	58	96	61.734000	22	23	24	20	21	210	182	140	135	133	2	2	1	1	1	16	15	14	0	47	181	170	135	119	117	2	2	1	1	1	24	25	26	23	21	123	109	105	97	81	1	1	1	1	1
1	232	2.738544	55.277251	0.111004	20.848772	-0.048250	-0.564726	2.000000	1.000000	3.000000	4.000000	5.000000	101.000000	48.000000	36.000000	21.000000	8.000000	43.534483	20.689655	15.517241	9.051724	3.448276	0.429270	-0.086294	286.000000	354.000000	353.000000	347.000000	359.000000	8.000000	8.000000	7.000000	7.000000	6.000000	3.448276	3.448276	3.017241	3.017241	2.586207	5800	67	63	99	68.300000	0	23	22	21	20	227	181	179	147	112	3	3	3	2	1	0	16	15	14	17	217	150	147	145	98	3	2	2	2	1	24	25	23	111	26	115	106	87	85	82	1	1	1	1	1
1	183	3.116746	58.711988	0.378202	3.434737	0.572331	-0.345767	2.000000	1.000000	3.000000	4.000000	5.000000	64.000000	38.000000	38.000000	17.000000	6.000000	34.972678	20.765027	20.765027	9.289617	3.278689	0.408523	-0.120901	3.000000	354.000000	337.000000	4.000000	178.000000	7.000000	7.000000	7.000000	6.000000	4.000000	3.825137	3.825137	3.825137	3.278689	2.185792	4575	67	67	105	71.332000	58	60	59	65	64	100	96	92	91	89	2	2	2	1	1	62	55	60	53	54	94	78	73	73	72	2	1	1	1	1	44	45	41	47	43	67	67	60	59	58	1	1	1	1	1
1	153	2.761238	85.871059	0.355509	27.159071	-0.011012	1.385577	2.000000	3.000000	1.000000	4.000000	5.000000	62.000000	28.000000	22.000000	20.000000	17.000000	40.522876	18.300654	14.379085	13.071895	11.111111	0.111655	0.113864	357.000000	356.000000	355.000000	354.000000	8.000000	9.000000	7.000000	7.000000	6.000000	6.000000	5.882353	4.575163	4.575163	3.921569	3.921569	3825	67	61	87	65.758000	67	22	60	19	65	92	74	72	69	65	2	1	1	1	1	16	15	65	66	55	92	91	80	66	65	2	2	2	1	1	0	26	23	42	25	86	52	50	49	46	2	1	1	1	1
1	131	2.359778	91.558478	0.401460	5.687419	-0.669755	1.748140	2.000000	1.000000	3.000000	4.000000	7.000000	56.000000	38.000000	18.000000	7.000000	5.000000	42.748092	29.007634	13.740458	5.343511	3.816794	0.248026	0.433700	1.000000	2.000000	3.000000	355.000000	128.000000	5.000000	5.000000	4.000000	3.000000	3.000000	3.816794	3.816794	3.053435	2.290076	2.290076	3275	57	63	105	65.994000	21	22	20	23	19	94	84	76	74	65	2	2	2	2	1	15	16	14	13	18	103	86	73	73	53	3	2	2	2	1	24	25	26	23	28	60	59	56	50	48	1	1	1	1	1
1	182	3.247547	57.011336	0.887770	34.547142	0.786959	-0.454181	2.000000	1.000000	3.000000	4.000000	12.000000	85.000000	33.000000	20.000000	19.000000	9.000000	46.703297	18.131868	10.989011	10.439560	4.945055	0.329737	-0.007458	173.000000	337.000000	336.000000	6.000000	340.000000	7.000000	5.000000	5.000000	5.000000	4.000000	3.846154	2.747253	2.747253	2.747253	2.197802	4550	46	51	86	53.495000	20	21	22	19	23	180	179	165	137	121	3	3	3	3	2	15	14	16	13	18	189	146	131	129	82	4	3	2	2	1	23	24	25	26	27	106	97	89	88	83	2	2	1	1	1
1	125	3.203549	61.179524	0.043999	4.168188	0.714763	-0.188466	2.000000	1.000000	3.000000	4.000000	5.000000	54.000000	22.000000	16.000000	9.000000	6.000000	43.200000	17.600000	12.800000	7.200000	4.800000	0.138879	0.081477	155.000000	179.000000	350.000000	347.000000	344.000000	5.000000	4.000000	3.000000	3.000000	3.000000	4.000000	3.200000	2.400000	2.400000	2.400000	3125	53	61	100	63.054000	20	22	19	21	0	160	125	125	124	105	5	4	4	3	3	15	16	13	14	0	133	128	127	125	98	4	4	4	4	3	23	25	24	26	21	101	86	84	80	62	3	2	2	2	1
1	124	2.980598	63.356463	0.222951	2.176939	0.348929	-0.049690	2.000000	1.000000	3.000000	4.000000	6.000000	52.000000	24.000000	20.000000	10.000000	5.000000	41.935484	19.354839	16.129032	8.064516	4.032258	0.264031	-0.086910	172.000000	353.000000	174.000000	352.000000	347.000000	5.000000	5.000000	5.000000	4.000000	3.000000	4.032258	4.032258	4.032258	3.225806	2.419355	3100	55	65	109	67.026000	20	19	21	0	18	98	88	82	79	70	3	2	2	2	2	13	14	15	0	16	103	91	82	73	72	3	2	2	2	2	23	25	26	27	24	53	51	48	43	43	1	1	1	1	1
1	154	2.994922	67.389184	0.014324	4.032722	0.372433	0.207389	2.000000	1.000000	3.000000	4.000000	8.000000	73.000000	24.000000	20.000000	11.000000	7.000000	47.402597	15.584416	12.987013	7.142857	4.545455	0.195473	-0.037332	166.000000	167.000000	169.000000	11.000000	348.000000	7.000000	7.000000	5.000000	5.000000	4.000000	4.545455	4.545455	3.246753	3.246753	2.597403	3850	46	54	91	55.826000	20	21	22	57	19	111	109	107	90	89	2	2	2	2	2	15	13	16	14	17	127	97	92	79	65	3	2	2	2	1	23	24	25	27	26	68	66	58	52	49	1	1	1	1	1
1	96	2.828067	66.814817	0.166855	0.574368	0.098646	0.170774	2.000000	1.000000	3.000000	4.000000	6.000000	35.000000	21.000000	13.000000	11.000000	7.000000	36.458333	21.875000	13.541667	11.458333	7.291667	0.545736	0.072227	35.000000	37.000000	351.000000	322.000000	311.000000	4.000000	4.000000	3.000000	3.000000	3.000000	4.166667	4.166667	3.125000	3.125000	3.125000	2400	59	69	112	70.912000	20	58	57	19	21	94	68	67	65	56	3	2	2	2	2	14	16	15	62	13	73	70	60	54	48	3	2	2	2	2	26	25	24	23	183	52	43	38	33	30	2	1	1	1	1
1	123	3.454619	54.562102	0.626552	12.252714	1.126735	-0.610316	2.000000	1.000000	3.000000	4.000000	5.000000	53.000000	23.000000	16.000000	8.000000	7.000000	43.089431	18.699187	13.008130	6.504065	5.691057	0.305996	0.056059	345.000000	339.000000	341.000000	168.000000	155.000000	6.000000	5.000000	4.000000	4.000000	4.000000	4.878049	4.065041	3.252033	3.252033	3.252033	3075	50	61	103	62.499000	19	20	21	18	22	150	141	126	100	74	4	4	4	3	2	15	14	16	13	12	133	117	107	96	49	4	3	3	3	1	24	23	25	22	26	98	75	68	59	53	3	2	2	1	1
1	113	2.387898	51.215285	1.066721	3.346818	-0.623614	-0.823670	2.000000	1.000000	3.000000	4.000000	5.000000	53.000000	22.000000	22.000000	10.000000	4.000000	46.902655	19.469027	19.469027	8.849558	3.539823	0.297940	-0.131781	2.000000	330.000000	319.000000	290.000000	166.000000	3.000000	3.000000	3.000000	3.000000	3.000000	2.654867	2.654867	2.654867	2.654867	2.654867	2825	65	72	116	74.923000	20	19	21	18	22	107	98	88	77	56	3	3	3	2	1	13	15	14	16	133	99	95	95	58	39	3	3	3	2	1	23	25	24	22	26	73	58	58	46	44	2	2	2	1	1
1	179	2.934499	32.631629	0.546601	18.583656	0.273287	-2.008346	2.000000	3.000000	1.000000	4.000000	5.000000	82.000000	33.000000	27.000000	11.000000	7.000000	45.810056	18.435754	15.083799	6.145251	3.910615	0.523755	-0.348473	286.000000	345.000000	339.000000	338.000000	290.000000	5.000000	5.000000	5.000000	4.000000	4.000000	2.793296	2.793296	2.793296	2.234637	2.234637	4475	65	69	109	72.364000	21	51	54	19	20	151	88	85	84	82	3	1	1	1	1	15	14	13	60	62	120	116	102	88	84	2	2	2	1	1	24	23	22	117	131	88	62	61	55	49	1	1	1	1	1
1	179	3.316902	60.439891	0.382403	27.808262	0.900761	-0.235617	2.000000	1.000000	3.000000	4.000000	6.000000	80.000000	27.000000	25.000000	10.000000	7.000000	44.692737	15.083799	13.966480	5.586592	3.910615	-0.065697	-0.045964	171.000000	170.000000	169.000000	302.000000	177.000000	6.000000	5.000000	5.000000	4.000000	4.000000	3.351955	2.793296	2.793296	2.234637	2.234637	4475	70	65	97	70.143000	21	20	19	22	75	130	100	100	92	71	2	2	2	2	1	15	60	14	13	59	132	116	113	100	96	2	2	2	2	2	25	22	24	46	23	78	71	62	57	57	1	1	1	1	1
1	167	3.036285	70.043932	0.280618	9.604041	0.440304	0.376625	2.000000	3.000000	1.000000	4.000000	5.000000	68.000000	38.000000	16.000000	16.000000	14.000000	40.718563	22.754491	9.580838	9.580838	8.383234	0.302892	0.261811	349.000000	333.000000	332.000000	178.000000	75.000000	5.000000	4.000000	4.000000	4.000000	4.000000	2.994012	2.395210	2.395210	2.395210	2.395210	4175	64	53	77	59.025000	20	21	22	19	18	121	120	115	101	76	2	2	2	2	1	13	15	14	33	16	149	119	106	84	81	3	2	2	2	1	22	45	23	26	25	80	73	73	70	66	1	1	1	1	1
1	200	3.127607	44.269408	0.091322	25.774524	0.590152	-1.266457	2.000000	1.000000	3.000000	4.000000	5.000000	73.000000	38.000000	25.000000	22.000000	13.000000	36.500000	19.000000	12.500000	11.000000	6.500000	0.660513	-0.201992	351.000000	352.000000	312.000000	359.000000	350.000000	7.000000	7.000000	5.000000	4.000000	4.000000	3.500000	3.500000	2.500000	2.000000	2.000000	5000	69	66	92	69.861000	20	21	19	22	0	131	125	119	105	104	2	2	2	2	2	13	15	16	14	0	150	124	117	114	94	3	2	2	2	1	0	23	24	25	21	214	78	75	70	56	4	1	1	1	1
1	152	3.260499	49.311370	0.132892	5.041962	0.808210	-0.945041	2.000000	3.000000	4.000000	5.000000	1.000000	49.000000	35.000000	27.000000	16.000000	11.000000	32.236842	23.026316	17.763158	10.526316	7.236842	0.494956	-0.003405	337.000000	344.000000	340.000000	336.000000	18.000000	8.000000	6.000000	6.000000	5.000000	5.000000	5.263158	3.947368	3.947368	3.289474	3.289474	3800	76	66	87	71.384000	21	20	19	22	73	153	122	120	88	65	4	3	3	2	1	13	14	15	16	60	156	147	113	74	65	4	3	2	1	1	23	25	24	26	22	110	99	81	71	61	2	2	2	1	1
1	144	3.087600	42.552488	0.172899	6.758881	0.524505	-1.375908	2.000000	1.000000	3.000000	4.000000	5.000000	57.000000	22.000000	21.000000	18.000000	9.000000	39.583333	15.277778	14.583333	12.500000	6.250000	0.469324	0.036466	112.000000	338.000000	318.000000	349.000000	342.000000	6.000000	6.000000	5.000000	4.000000	4.000000	4.166667	4.166667	3.472222	2.777778	2.777778	3600	65	67	106	70.848000	19	21	20	22	18	145	131	130	76	66	4	3	3	2	1	13	14	15	16	12	193	120	105	83	83	5	3	2	2	2	23	24	25	26	22	102	102	84	78	64	2	2	2	2	1
1	135	1.953010	53.634877	1.134590	11.082389	-1.337209	-0.669425	2.000000	1.000000	3.000000	4.000000	0.000000	76.000000	36.000000	20.000000	3.000000	0.000000	56.296296	26.666667	14.814815	2.222222	0.000000	0.029853	-0.001852	170.000000	332.000000	297.000000	293.000000	165.000000	4.000000	4.000000	4.000000	3.000000	3.000000	2.962963	2.962963	2.962963	2.222222	2.222222	3375	70	79	129	82.009000	97	91	83	94	81	68	63	61	60	60	2	1	1	1	1	83	92	85	91	122	68	63	59	58	57	2	1	1	1	1	158	160	147	145	155	53	53	52	52	49	1	1	1	1	1
1	143	3.076072	53.354454	1.123062	0.280423	0.505589	-0.687301	2.000000	1.000000	3.000000	6.000000	8.000000	64.000000	25.000000	22.000000	11.000000	7.000000	44.755245	17.482517	15.384615	7.692308	4.895105	0.092268	-0.129802	317.000000	286.000000	165.000000	162.000000	168.000000	6.000000	5.000000	5.000000	4.000000	3.000000	4.195804	3.496503	3.496503	2.797203	2.097902	3575	50	54	93	57.250000	20	19	21	18	22	158	151	135	112	93	4	4	3	3	2	13	14	15	12	16	185	136	121	98	88	5	3	3	2	2	23	24	25	22	21	119	104	84	82	74	3	2	2	2	2
1	134	2.181353	53.276926	0.894719	0.077528	-0.962528	-0.692243	2.000000	1.000000	3.000000	4.000000	5.000000	58.000000	45.000000	13.000000	10.000000	6.000000	43.283582	33.582090	9.701493	7.462687	4.477612	0.490383	-0.133466	291.000000	356.000000	36.000000	0.000000	359.000000	5.000000	4.000000	4.000000	4.000000	3.000000	3.731343	2.985075	2.985075	2.985075	2.238806	3350	53	60	100	62.467000	20	18	19	21	17	131	119	110	83	63	3	3	3	2	1	13	14	16	15	12	144	129	112	112	60	4	3	3	3	1	23	25	24	21	22	54	54	52	49	48	1	1	1	1	1
1	159	2.779243	51.289405	0.597891	1.987521	0.018532	-0.818945	2.000000	1.000000	3.000000	4.000000	6.000000	96.000000	24.000000	11.000000	6.000000	6.000000	60.377358	15.094340	6.918239	3.773585	3.773585	0.760216	-0.040318	17.000000	343.000000	346.000000	345.000000	332.000000	9.000000	6.000000	5.000000	5.000000	5.000000	5.660377	3.773585	3.144654	3.144654	3.144654	3975	48	61	108	62.471000	20	19	21	18	22	169	143	125	118	101	4	3	3	2	2	15	14	13	16	12	145	134	130	110	62	3	3	3	2	1	23	24	25	21	22	104	81	70	66	65	2	2	1	1	1
1	151	3.103294	86.910910	0.324051	35.621505	0.550257	1.451866	2.000000	1.000000	3.000000	4.000000	5.000000	52.000000	46.000000	17.000000	6.000000	6.000000	34.437086	30.463576	11.258278	3.973510	3.973510	0.210412	0.183757	7.000000	358.000000	178.000000	170.000000	168.000000	6.000000	6.000000	4.000000	4.000000	4.000000	3.973510	3.973510	2.649007	2.649007	2.649007	3775	46	52	92	54.766000	20	19	18	21	59	141	139	107	105	98	3	3	2	2	2	13	14	15	66	60	162	138	123	96	93	4	3	3	2	2	25	23	26	24	113	83	75	65	59	56	2	1	1	1	1
1	146	2.268477	68.477224	0.834817	18.433686	-0.819569	0.276750	2.000000	3.000000	1.000000	4.000000	5.000000	81.000000	28.000000	23.000000	10.000000	2.000000	55.479452	19.178082	15.753425	6.849315	1.369863	0.149902	0.179612	3.000000	107.000000	167.000000	1.000000	133.000000	8.000000	6.000000	5.000000	5.000000	4.000000	5.479452	4.109589	3.424658	3.424658	2.739726	3650	58	66	105	68.054000	0	65	60	19	66	133	104	93	87	85	3	2	2	2	2	0	13	60	59	15	121	113	98	76	70	3	3	2	2	1	25	60	27	24	151	57	46	46	43	40	1	1	1	1	1
1	191	2.217753	90.480635	0.050724	22.003411	-0.902800	1.679430	2.000000	3.000000	1.000000	4.000000	5.000000	107.000000	35.000000	31.000000	11.000000	7.000000	56.020942	18.324607	16.230366	5.759162	3.664921	0.275173	0.426605	5.000000	16.000000	14.000000	7.000000	107.000000	5.000000	5.000000	5.000000	5.000000	4.000000	2.617801	2.617801	2.617801	2.617801	2.094241	4775	56	67	111	68.727000	19	0	18	80	20	127	124	122	119	112	2	2	2	2	2	13	14	15	12	107	150	134	92	76	72	3	2	1	1	1	23	25	24	22	183	93	83	73	73	69	1	1	1	1	1
1	155	2.326707	52.979052	0.108954	37.501583	-0.724021	-0.711232	2.000000	1.000000	3.000000	4.000000	6.000000	83.000000	28.000000	27.000000	7.000000	5.000000	53.548387	18.064516	17.419355	4.516129	3.225806	0.423898	0.056745	9.000000	334.000000	332.000000	351.000000	348.000000	7.000000	7.000000	6.000000	4.000000	4.000000	4.516129	4.516129	3.870968	2.580645	2.580645	3875	56	69	117	70.585000	19	20	54	85	18	110	106	77	75	74	2	2	1	1	1	13	11	12	74	70	114	87	71	59	56	2	2	1	1	1	23	130	24	21	22	79	54	51	50	49	2	1	1	1	1
1	162	2.771444	79.699818	0.444737	26.720766	0.005734	0.992171	2.000000	3.000000	1.000000	4.000000	5.000000	73.000000	28.000000	27.000000	12.000000	8.000000	45.061728	17.283951	16.666667	7.407407	4.938272	-0.065206	0.158761	169.000000	168.000000	170.000000	166.000000	359.000000	11.000000	6.000000	5.000000	5.000000	4.000000	6.790123	3.703704	3.086420	3.086420	2.469136	4050	51	59	102	61.510000	20	19	18	54	21	144	125	107	102	94	3	3	2	2	2	13	14	15	16	71	156	116	110	98	60	3	2	2	2	1	23	25	22	24	21	98	77	63	62	57	2	1	1	1	1
1	167	2.572028	75.867120	0.199416	3.832698	-0.321481	0.747843	2.000000	1.000000	3.000000	4.000000	5.000000	73.000000	32.000000	31.000000	11.000000	10.000000	43.712575	19.161677	18.562874	6.586826	5.988024	0.554126	0.012083	356.000000	359.000000	355.000000	16.000000	357.000000	7.000000	5.000000	5.000000	5.000000	4.000000	4.191617	2.994012	2.994012	2.994012	2.395210	4175	53	59	96	61.424000	21	19	20	64	18	108	107	106	95	87	2	2	2	2	2	13	14	15	59	60	121	116	112	80	75	2	2	2	1	1	24	23	25	21	22	85	69	68	68	59	2	1	1	1	1
1	223	2.940809	80.177514	0.368781	4.310394	0.283641	1.022623	2.000000	1.000000	3.000000	4.000000	5.000000	80.000000	45.000000	32.000000	26.000000	17.000000	35.874439	20.179372	14.349776	11.659193	7.623318	0.344835	0.223961	357.000000	358.000000	353.000000	162.000000	355.000000	8.000000	8.000000	6.000000	6.000000	5.000000	3.587444	3.587444	2.690583	2.690583	2.242152	5575	63	73	119	75.254000	69	19	21	20	60	142	132	124	122	111	2	2	2	2	1	13	15	14	67	66	164	129	129	93	90	2	2	2	1	1	23	24	25	22	147	105	86	79	70	62	1	1	1	1	1
1	174	2.648504	55.658825	0.292305	24.518690	-0.195993	-0.540401	2.000000	3.000000	1.000000	4.000000	6.000000	68.000000	35.000000	33.000000	20.000000	9.000000	39.080460	20.114943	18.965517	11.494253	5.172414	0.311270	-0.011927	337.000000	341.000000	336.000000	169.000000	168.000000	7.000000	7.000000	6.000000	4.000000	4.000000	4.022989	4.022989	3.448276	2.298851	2.298851	4350	52	62	108	64.254000	20	21	19	22	84	132	129	118	99	90	3	2	2	2	2	13	15	14	63	57	129	110	91	81	78	2	2	2	1	1	23	25	24	22	118	75	65	60	55	54	1	1	1	1	1
1	202	2.578229	39.493559	0.070275	16.165266	-0.311306	-1.570910	2.000000	3.000000	1.000000	4.000000	5.000000	90.000000	37.000000	34.000000	23.000000	8.000000	44.554455	18.316832	16.831683	11.386139	3.960396	0.670658	-0.315029	339.000000	357.000000	353.000000	297.000000	354.000000	7.000000	5.000000	5.000000	5.000000	4.000000	3.465347	2.475248	2.475248	2.475248	1.980198	5050	52	58	94	60.310000	21	22	0	20	54	140	114	108	106	89	2	2	2	2	1	15	14	16	13	60	121	94	90	82	76	2	1	1	1	1	23	24	25	22	21	88	81	76	73	69	1	1	1	1	1
1	110	2.504395	79.469907	0.073834	39.976348	-0.432458	0.977514	2.000000	1.000000	3.000000	4.000000	5.000000	53.000000	24.000000	19.000000	3.000000	3.000000	48.181818	21.818182	17.272727	2.727273	2.727273	0.441521	0.107898	165.000000	170.000000	357.000000	23.000000	0.000000	6.000000	5.000000	4.000000	4.000000	4.000000	5.454545	4.545455	3.636364	3.636364	3.636364	2750	50	59	103	61.325000	20	19	22	21	60	98	95	94	91	68	3	3	3	3	2	15	16	14	13	64	103	87	86	72	50	3	3	3	2	1	23	118	24	25	117	58	57	52	47	45	2	2	1	1	1
1	194	3.154500	83.879128	0.650105	4.409221	0.634280	1.258595	2.000000	1.000000	3.000000	4.000000	6.000000	79.000000	38.000000	22.000000	16.000000	14.000000	40.721649	19.587629	11.340206	8.247423	7.216495	0.201734	0.215448	157.000000	359.000000	16.000000	161.000000	20.000000	8.000000	6.000000	6.000000	5.000000	5.000000	4.123711	3.092784	3.092784	2.577320	2.577320	4850	52	59	99	61.467000	20	21	19	22	52	129	116	99	91	86	2	2	2	1	1	13	14	15	31	45	138	94	77	70	69	2	1	1	1	1	24	127	46	128	23	54	54	54	52	52	1	1	1	1	1
